Rank,Club,Country,Level,Elo,From,To
None,Spezia,ITA,2,1529.72741699,1947-09-14,1947-09-14
None,Spezia,ITA,2,1544.51782227,1947-09-15,1947-09-21
None,Spezia,ITA,2,1554.34033203,1947-09-22,1947-09-28
None,Spezia,ITA,2,1559.07531738,1947-09-29,1947-10-05
None,Spezia,ITA,2,1553.265625,1947-10-06,1947-10-12
None,Spezia,ITA,2,1560.3614502,1947-10-13,1947-10-19
None,Spezia,ITA,2,1561.7376709,1947-10-20,1947-10-26
None,Spezia,ITA,2,1554.41162109,1947-10-27,1947-11-02
None,Spezia,ITA,2,1564.23291016,1947-11-03,1947-11-15
None,Spezia,ITA,2,1535.23291016,1947-11-16,1947-11-16
None,Spezia,ITA,2,1538.3536377,1947-11-17,1947-11-23
None,Spezia,ITA,2,1525.80078125,1947-11-24,1947-11-30
None,Spezia,ITA,2,1518.77197266,1947-12-01,1947-12-07
None,Spezia,ITA,2,1505.5402832,1947-12-08,1947-12-18
None,Spezia,ITA,2,1509.5402832,1947-12-19,1947-12-21
None,Spezia,ITA,2,1514.23669434,1947-12-22,1947-12-28
None,Spezia,ITA,2,1518.14343262,1947-12-29,1948-01-04
None,Spezia,ITA,2,1527.95202637,1948-01-05,1948-01-11
None,Spezia,ITA,2,1521.07177734,1948-01-12,1948-01-18
None,Spezia,ITA,2,1525.84179688,1948-01-19,1948-02-15
None,Spezia,ITA,2,1530.97155762,1948-02-16,1948-02-22
None,Spezia,ITA,2,1534.86999512,1948-02-23,1948-02-29
None,Spezia,ITA,2,1530.32495117,1948-03-01,1948-03-07
None,Spezia,ITA,2,1536.08190918,1948-03-08,1948-03-14
None,Spezia,ITA,2,1539.8347168,1948-03-15,1948-03-21
None,Spezia,ITA,2,1546.03149414,1948-03-22,1948-03-28
None,Spezia,ITA,2,1550.06604004,1948-03-29,1948-04-05
None,Spezia,ITA,2,1556.06604004,1948-04-06,1948-04-11
None,Spezia,ITA,2,1547.04296875,1948-04-12,1948-04-17
None,Spezia,ITA,2,1542.42883301,1948-04-18,1948-04-25
None,Spezia,ITA,2,1535.3572998,1948-04-26,1948-05-02
None,Spezia,ITA,2,1538.31848145,1948-05-03,1948-05-09
None,Spezia,ITA,2,1548.40979004,1948-05-10,1948-05-17
None,Spezia,ITA,2,1521.40979004,1948-05-18,1948-05-23
None,Spezia,ITA,2,1515.07250977,1948-05-24,1948-05-30
None,Spezia,ITA,2,1521.42163086,1948-05-31,1948-06-06
None,Spezia,ITA,2,1535.16918945,1948-06-07,1948-06-13
None,Spezia,ITA,2,1538.85620117,1948-06-14,1948-06-20
None,Spezia,ITA,2,1531.84448242,1948-06-21,1948-09-19
None,Spezia,ITA,2,1528.21582031,1948-09-20,1948-09-26
None,Spezia,ITA,2,1536.03491211,1948-09-27,1948-10-03
None,Spezia,ITA,2,1516.97180176,1948-10-04,1948-10-10
None,Spezia,ITA,2,1523.87854004,1948-10-11,1948-10-17
None,Spezia,ITA,2,1518.83654785,1948-10-18,1948-10-24
None,Spezia,ITA,2,1521.82336426,1948-10-25,1948-10-31
None,Spezia,ITA,2,1516.04711914,1948-11-01,1948-11-04
None,Spezia,ITA,2,1520.42004395,1948-11-05,1948-11-07
None,Spezia,ITA,2,1526.04260254,1948-11-08,1948-11-14
None,Spezia,ITA,2,1521.03686523,1948-11-15,1948-11-21
None,Spezia,ITA,2,1526.61413574,1948-11-22,1948-11-28
None,Spezia,ITA,2,1521.86499023,1948-11-29,1948-12-05
None,Spezia,ITA,2,1517.98693848,1948-12-06,1948-12-12
None,Spezia,ITA,2,1512.92102051,1948-12-13,1948-12-19
None,Spezia,ITA,2,1502.75463867,1948-12-20,1948-12-26
None,Spezia,ITA,2,1509.43884277,1948-12-27,1948-12-30
None,Spezia,ITA,2,1507.97827148,1948-12-31,1949-01-02
None,Spezia,ITA,2,1498.48474121,1949-01-03,1949-01-06
None,Spezia,ITA,2,1502.08618164,1949-01-07,1949-01-09
None,Spezia,ITA,2,1505.07373047,1949-01-10,1949-01-16
None,Spezia,ITA,2,1509.49853516,1949-01-17,1949-01-23
None,Spezia,ITA,2,1507.91394043,1949-01-24,1949-01-30
None,Spezia,ITA,2,1504.84619141,1949-01-31,1949-02-06
None,Spezia,ITA,2,1496.1517334,1949-02-07,1949-02-13
None,Spezia,ITA,2,1505.93725586,1949-02-14,1949-02-20
None,Spezia,ITA,2,1510.0078125,1949-02-21,1949-03-05
None,Spezia,ITA,2,1512.0078125,1949-03-06,1949-03-06
None,Spezia,ITA,2,1506.28027344,1949-03-07,1949-03-13
None,Spezia,ITA,2,1495.95605469,1949-03-14,1949-03-20
None,Spezia,ITA,2,1489.58935547,1949-03-21,1949-04-02
None,Spezia,ITA,2,1501.58935547,1949-04-03,1949-04-03
None,Spezia,ITA,2,1497.31518555,1949-04-04,1949-04-10
None,Spezia,ITA,2,1501.16552734,1949-04-11,1949-04-17
None,Spezia,ITA,2,1505.92163086,1949-04-18,1949-04-24
None,Spezia,ITA,2,1502.49414062,1949-04-25,1949-05-01
None,Spezia,ITA,2,1509.22766113,1949-05-02,1949-05-08
None,Spezia,ITA,2,1505.71057129,1949-05-09,1949-05-15
None,Spezia,ITA,2,1518.44787598,1949-05-16,1949-05-25
None,Spezia,ITA,2,1524.44787598,1949-05-26,1949-05-29
None,Spezia,ITA,2,1520.39416504,1949-05-30,1949-06-05
None,Spezia,ITA,2,1516.2623291,1949-06-06,1949-06-12
None,Spezia,ITA,2,1521.82019043,1949-06-13,1949-06-16
None,Spezia,ITA,2,1517.82019043,1949-06-17,1949-06-19
None,Spezia,ITA,2,1514.13110352,1949-06-20,1949-06-26
None,Spezia,ITA,2,1508.49890137,1949-06-27,1949-06-29
None,Spezia,ITA,2,1420.30639648,1949-06-30,1949-07-02
None,Spezia,ITA,2,1426.64379883,1949-07-03,1949-07-03
None,Spezia,ITA,2,1423.67834473,1949-07-04,1949-09-11
None,Spezia,ITA,2,1420.81604004,1949-09-12,1949-09-18
None,Spezia,ITA,2,1405.07092285,1949-09-19,1949-09-25
None,Spezia,ITA,2,1398.31213379,1949-09-26,1949-10-02
None,Spezia,ITA,2,1393.14953613,1949-10-03,1949-10-09
None,Spezia,ITA,2,1401.12695312,1949-10-10,1949-10-16
None,Spezia,ITA,2,1415.30822754,1949-10-17,1949-10-23
None,Spezia,ITA,2,1420.94006348,1949-10-24,1949-10-30
None,Spezia,ITA,2,1417.38977051,1949-10-31,1949-11-06
None,Spezia,ITA,2,1421.12353516,1949-11-07,1949-11-13
None,Spezia,ITA,2,1450.63720703,1949-11-14,1949-11-20
None,Spezia,ITA,2,1455.59411621,1949-11-21,1949-11-27
None,Spezia,ITA,2,1458.7109375,1949-11-28,1949-12-04
None,Spezia,ITA,2,1463.57324219,1949-12-05,1949-12-08
None,Spezia,ITA,2,1469.02209473,1949-12-09,1949-12-11
None,Spezia,ITA,2,1465.34912109,1949-12-12,1949-12-18
None,Spezia,ITA,2,1469.56652832,1949-12-19,1949-12-26
None,Spezia,ITA,2,1462.59228516,1949-12-27,1950-01-01
None,Spezia,ITA,2,1466.55432129,1950-01-02,1950-01-08
None,Spezia,ITA,2,1476.37927246,1950-01-09,1950-01-15
None,Spezia,ITA,2,1481.7767334,1950-01-16,1950-01-22
None,Spezia,ITA,2,1475.14416504,1950-01-23,1950-01-29
None,Spezia,ITA,2,1470.8458252,1950-01-30,1950-02-05
None,Spezia,ITA,2,1465.65588379,1950-02-06,1950-02-12
None,Spezia,ITA,2,1459.89025879,1950-02-13,1950-02-19
None,Spezia,ITA,2,1463.87475586,1950-02-20,1950-02-26
None,Spezia,ITA,2,1460.41162109,1950-02-27,1950-03-12
None,Spezia,ITA,2,1463.72558594,1950-03-13,1950-03-19
None,Spezia,ITA,2,1457.69372559,1950-03-20,1950-03-26
None,Spezia,ITA,2,1456.27746582,1950-03-27,1950-04-02
None,Spezia,ITA,2,1451.1583252,1950-04-03,1950-04-09
None,Spezia,ITA,2,1437.75158691,1950-04-10,1950-04-16
None,Spezia,ITA,2,1444.13549805,1950-04-17,1950-04-23
None,Spezia,ITA,2,1467.12060547,1950-04-24,1950-04-30
None,Spezia,ITA,2,1470.32958984,1950-05-01,1950-05-07
None,Spezia,ITA,2,1478.7208252,1950-05-08,1950-05-14
None,Spezia,ITA,2,1485.48742676,1950-05-15,1950-05-21
None,Spezia,ITA,2,1492.43859863,1950-05-22,1950-05-28
None,Spezia,ITA,2,1495.18469238,1950-05-29,1950-06-04
None,Spezia,ITA,2,1490.06018066,1950-06-05,1950-06-11
None,Spezia,ITA,2,1493.62695312,1950-06-12,1950-06-14
None,Spezia,ITA,2,1466.68859863,1950-06-15,1950-06-16
None,Spezia,ITA,2,1451.30529785,1950-06-17,1950-06-18
None,Spezia,ITA,2,1444.99353027,1950-06-19,1950-06-25
None,Spezia,ITA,2,1448.36938477,1950-06-26,1950-09-10
None,Spezia,ITA,2,1443.65612793,1950-09-11,1950-09-17
None,Spezia,ITA,2,1453.69970703,1950-09-18,1950-09-24
None,Spezia,ITA,2,1457.87695312,1950-09-25,1950-10-08
None,Spezia,ITA,2,1434.31860352,1950-10-09,1950-10-15
None,Spezia,ITA,2,1428.18579102,1950-10-16,1950-10-22
None,Spezia,ITA,2,1418.71252441,1950-10-23,1950-10-29
None,Spezia,ITA,2,1422.77282715,1950-10-30,1950-11-05
None,Spezia,ITA,2,1420.3581543,1950-11-06,1950-11-12
None,Spezia,ITA,2,1416.98120117,1950-11-13,1950-11-19
None,Spezia,ITA,2,1419.765625,1950-11-20,1950-11-26
None,Spezia,ITA,2,1430.71142578,1950-11-27,1950-12-03
None,Spezia,ITA,2,1426.06433105,1950-12-04,1950-12-10
None,Spezia,ITA,2,1433.11975098,1950-12-11,1950-12-17
None,Spezia,ITA,2,1426.04614258,1950-12-18,1950-12-24
None,Spezia,ITA,2,1427.8807373,1950-12-25,1950-12-31
None,Spezia,ITA,2,1431.30834961,1951-01-01,1951-01-07
None,Spezia,ITA,2,1414.53674316,1951-01-08,1951-01-14
None,Spezia,ITA,2,1419.13769531,1951-01-15,1951-01-21
None,Spezia,ITA,2,1415.11950684,1951-01-22,1951-01-28
None,Spezia,ITA,2,1419.26318359,1951-01-29,1951-02-04
None,Spezia,ITA,2,1423.01220703,1951-02-05,1951-02-11
None,Spezia,ITA,2,1424.75146484,1951-02-12,1951-02-18
None,Spezia,ITA,2,1417.85461426,1951-02-19,1951-03-04
None,Spezia,ITA,2,1412.6920166,1951-03-05,1951-03-11
None,Spezia,ITA,2,1416.34375,1951-03-12,1951-03-18
None,Spezia,ITA,2,1403.61071777,1951-03-19,1951-03-25
None,Spezia,ITA,2,1407.11657715,1951-03-26,1951-04-01
None,Spezia,ITA,2,1400.85205078,1951-04-02,1951-04-08
None,Spezia,ITA,2,1405.76208496,1951-04-09,1951-04-15
None,Spezia,ITA,2,1400.34777832,1951-04-16,1951-04-22
None,Spezia,ITA,2,1396.48803711,1951-04-23,1951-04-29
None,Spezia,ITA,2,1383.80725098,1951-04-30,1951-05-06
None,Spezia,ITA,2,1388.2454834,1951-05-07,1951-05-13
None,Spezia,ITA,2,1367.5324707,1951-05-14,1951-05-20
None,Spezia,ITA,2,1361.90222168,1951-05-21,1951-05-27
None,Spezia,ITA,2,1374.59338379,1951-05-28,1951-06-03
None,Spezia,ITA,2,1382.30407715,1951-06-04,1951-06-10
None,Spezia,ITA,2,1388.52856445,1951-06-11,1951-06-17
None,Spezia,ITA,2,1384.16223145,1951-06-18,1951-06-20
None,Spezia,ITA,2,1407.51501465,1951-06-21,1951-06-24
None,Spezia,ITA,2,1417.83435059,1951-06-25,1951-07-01
None,Spezia,ITA,2,1491.57397461,2006-07-02,2006-08-09
None,Spezia,ITA,2,1488.13586426,2006-08-10,2006-08-22
None,Spezia,ITA,2,1488.57775879,2006-08-23,2006-08-23
None,Spezia,ITA,2,1487.0916748,2006-08-24,2006-09-11
None,Spezia,ITA,2,1484.70861816,2006-09-12,2006-09-12
None,Spezia,ITA,2,1485.14916992,2006-09-13,2006-09-13
None,Spezia,ITA,2,1485.62854004,2006-09-14,2006-09-14
None,Spezia,ITA,2,1489.62304688,2006-09-15,2006-09-16
None,Spezia,ITA,2,1485.80273438,2006-09-17,2006-09-20
None,Spezia,ITA,2,1491.83105469,2006-09-21,2006-09-23
None,Spezia,ITA,2,1493.82434082,2006-09-24,2006-09-26
None,Spezia,ITA,2,1493.16650391,2006-09-27,2006-09-27
None,Spezia,ITA,2,1486.85510254,2006-09-28,2006-09-28
None,Spezia,ITA,2,1492.22692871,2006-09-29,2006-09-30
None,Spezia,ITA,2,1482.02770996,2006-10-01,2006-10-08
None,Spezia,ITA,2,1484.00085449,2006-10-09,2006-10-14
None,Spezia,ITA,2,1482.2331543,2006-10-15,2006-10-17
None,Spezia,ITA,2,1483.5267334,2006-10-18,2006-10-18
None,Spezia,ITA,2,1486.97607422,2006-10-19,2006-10-19
None,Spezia,ITA,2,1488.25134277,2006-10-20,2006-10-21
None,Spezia,ITA,2,1490.44384766,2006-10-22,2006-10-28
None,Spezia,ITA,2,1486.19519043,2006-10-29,2006-10-31
None,Spezia,ITA,2,1486.03649902,2006-11-01,2006-11-01
None,Spezia,ITA,2,1486.86499023,2006-11-02,2006-11-02
None,Spezia,ITA,2,1483.05273438,2006-11-03,2006-11-04
None,Spezia,ITA,2,1474.73522949,2006-11-05,2006-11-11
None,Spezia,ITA,2,1479.4440918,2006-11-12,2006-11-18
None,Spezia,ITA,2,1490.82788086,2006-11-19,2006-11-21
None,Spezia,ITA,2,1486.99230957,2006-11-22,2006-11-22
None,Spezia,ITA,2,1485.42089844,2006-11-23,2006-11-23
None,Spezia,ITA,2,1482.95544434,2006-11-24,2006-11-25
None,Spezia,ITA,2,1473.73217773,2006-11-26,2006-11-29
None,Spezia,ITA,2,1476.3449707,2006-11-30,2006-12-02
None,Spezia,ITA,2,1470.46679688,2006-12-03,2006-12-05
None,Spezia,ITA,2,1473.18518066,2006-12-06,2006-12-06
None,Spezia,ITA,2,1467.35473633,2006-12-07,2006-12-08
None,Spezia,ITA,2,1473.87255859,2006-12-09,2006-12-13
None,Spezia,ITA,2,1473.60437012,2006-12-14,2006-12-14
None,Spezia,ITA,2,1473.52404785,2006-12-15,2006-12-16
None,Spezia,ITA,2,1476.90991211,2006-12-17,2006-12-19
None,Spezia,ITA,2,1463.7130127,2006-12-20,2006-12-22
None,Spezia,ITA,2,1458.69152832,2006-12-23,2007-01-12
None,Spezia,ITA,2,1458.31018066,2007-01-13,2007-01-20
None,Spezia,ITA,2,1448.3314209,2007-01-21,2007-01-27
None,Spezia,ITA,2,1455.796875,2007-01-28,2007-02-02
None,Spezia,ITA,2,1450.5513916,2007-02-03,2007-02-10
None,Spezia,ITA,2,1464.02355957,2007-02-11,2007-02-14
None,Spezia,ITA,2,1462.26904297,2007-02-15,2007-02-15
None,Spezia,ITA,2,1460.82336426,2007-02-16,2007-02-17
None,Spezia,ITA,2,1461.7454834,2007-02-18,2007-02-20
None,Spezia,ITA,2,1461.75415039,2007-02-21,2007-02-21
None,Spezia,ITA,2,1459.74206543,2007-02-22,2007-02-22
None,Spezia,ITA,2,1455.75695801,2007-02-23,2007-02-24
None,Spezia,ITA,2,1454.34741211,2007-02-25,2007-03-03
None,Spezia,ITA,2,1448.4979248,2007-03-04,2007-03-06
None,Spezia,ITA,2,1455.30737305,2007-03-07,2007-03-07
None,Spezia,ITA,2,1456.84008789,2007-03-08,2007-03-10
None,Spezia,ITA,2,1467.10839844,2007-03-11,2007-03-13
None,Spezia,ITA,2,1471.19189453,2007-03-14,2007-03-17
None,Spezia,ITA,2,1479.5715332,2007-03-18,2007-03-25
None,Spezia,ITA,2,1468.5390625,2007-03-26,2007-03-30
None,Spezia,ITA,2,1463.01257324,2007-03-31,2007-04-03
None,Spezia,ITA,2,1461.12158203,2007-04-04,2007-04-04
None,Spezia,ITA,2,1462.44421387,2007-04-05,2007-04-06
None,Spezia,ITA,2,1454.41662598,2007-04-07,2007-04-10
None,Spezia,ITA,2,1449.22180176,2007-04-11,2007-04-11
None,Spezia,ITA,2,1455.70629883,2007-04-12,2007-04-14
None,Spezia,ITA,2,1444.69104004,2007-04-15,2007-04-21
None,Spezia,ITA,2,1442.17224121,2007-04-22,2007-04-24
None,Spezia,ITA,2,1442.0123291,2007-04-25,2007-04-28
None,Spezia,ITA,2,1455.88110352,2007-04-29,2007-05-01
None,Spezia,ITA,2,1467.70336914,2007-05-02,2007-05-02
None,Spezia,ITA,2,1474.8067627,2007-05-03,2007-05-05
None,Spezia,ITA,2,1462.28149414,2007-05-06,2007-05-12
None,Spezia,ITA,2,1474.28161621,2007-05-13,2007-05-19
None,Spezia,ITA,2,1465.41870117,2007-05-20,2007-05-23
None,Spezia,ITA,2,1468.19348145,2007-05-24,2007-05-26
None,Spezia,ITA,2,1463.31103516,2007-05-27,2007-06-03
None,Spezia,ITA,2,1453.64099121,2007-06-04,2007-06-10
None,Spezia,ITA,2,1470.5324707,2007-06-11,2007-08-14
None,Spezia,ITA,2,1468.63146973,2007-08-15,2007-08-16
None,Spezia,ITA,2,1468.43493652,2007-08-17,2007-08-25
None,Spezia,ITA,2,1462.58459473,2007-08-26,2007-08-28
None,Spezia,ITA,2,1467.296875,2007-08-29,2007-08-30
None,Spezia,ITA,2,1462.32080078,2007-08-31,2007-09-03
None,Spezia,ITA,2,1451.96899414,2007-09-04,2007-09-09
None,Spezia,ITA,2,1456.25708008,2007-09-10,2007-09-15
None,Spezia,ITA,2,1446.14685059,2007-09-16,2007-09-18
None,Spezia,ITA,2,1447.3527832,2007-09-19,2007-09-19
None,Spezia,ITA,2,1445.05444336,2007-09-20,2007-09-20
None,Spezia,ITA,2,1445.54016113,2007-09-21,2007-09-22
None,Spezia,ITA,2,1441.28991699,2007-09-23,2007-09-25
None,Spezia,ITA,2,1453.53540039,2007-09-26,2007-09-29
None,Spezia,ITA,2,1448.28857422,2007-09-30,2007-10-02
None,Spezia,ITA,2,1448.7286377,2007-10-03,2007-10-03
None,Spezia,ITA,2,1446.0435791,2007-10-04,2007-10-04
None,Spezia,ITA,2,1430.76647949,2007-10-05,2007-10-06
None,Spezia,ITA,2,1441.73583984,2007-10-07,2007-10-14
None,Spezia,ITA,2,1446.97314453,2007-10-15,2007-10-20
None,Spezia,ITA,2,1438.62561035,2007-10-21,2007-10-23
None,Spezia,ITA,2,1441.82702637,2007-10-24,2007-10-24
None,Spezia,ITA,2,1442.2598877,2007-10-25,2007-10-25
None,Spezia,ITA,2,1444.01525879,2007-10-26,2007-10-27
None,Spezia,ITA,2,1446.25976562,2007-10-28,2007-10-30
None,Spezia,ITA,2,1455.73144531,2007-10-31,2007-11-03
None,Spezia,ITA,2,1455.66601562,2007-11-04,2007-11-06
None,Spezia,ITA,2,1462.53283691,2007-11-07,2007-11-07
None,Spezia,ITA,2,1463.53027344,2007-11-08,2007-11-08
None,Spezia,ITA,2,1464.18969727,2007-11-09,2007-11-10
None,Spezia,ITA,2,1462.10705566,2007-11-11,2007-11-24
None,Spezia,ITA,2,1462.3260498,2007-11-25,2007-11-27
None,Spezia,ITA,2,1466.81677246,2007-11-28,2007-11-28
None,Spezia,ITA,2,1463.16503906,2007-11-29,2007-11-29
None,Spezia,ITA,2,1462.8704834,2007-11-30,2007-12-01
None,Spezia,ITA,2,1463.53881836,2007-12-02,2007-12-04
None,Spezia,ITA,2,1464.32128906,2007-12-05,2007-12-08
None,Spezia,ITA,2,1458.33239746,2007-12-09,2007-12-11
None,Spezia,ITA,2,1457.4753418,2007-12-12,2007-12-12
None,Spezia,ITA,2,1459.47436523,2007-12-13,2007-12-15
None,Spezia,ITA,2,1469.14599609,2007-12-16,2007-12-20
None,Spezia,ITA,2,1469.7833252,2007-12-21,2007-12-22
None,Spezia,ITA,2,1464.08789062,2007-12-23,2008-01-12
None,Spezia,ITA,2,1447.72302246,2008-01-13,2008-01-19
None,Spezia,ITA,2,1435.90979004,2008-01-20,2008-01-26
None,Spezia,ITA,2,1425.48742676,2008-01-27,2008-02-02
None,Spezia,ITA,2,1423.14489746,2008-02-03,2008-02-09
None,Spezia,ITA,2,1423.33117676,2008-02-10,2008-02-12
None,Spezia,ITA,2,1426.66137695,2008-02-13,2008-02-14
None,Spezia,ITA,2,1427.50354004,2008-02-15,2008-02-16
None,Spezia,ITA,2,1427.83251953,2008-02-17,2008-02-19
None,Spezia,ITA,2,1425.00720215,2008-02-20,2008-02-20
None,Spezia,ITA,2,1426.06066895,2008-02-21,2008-02-21
None,Spezia,ITA,2,1426.4744873,2008-02-22,2008-02-23
None,Spezia,ITA,2,1419.27880859,2008-02-24,2008-03-01
None,Spezia,ITA,2,1409.75817871,2008-03-02,2008-03-04
None,Spezia,ITA,2,1405.43493652,2008-03-05,2008-03-05
None,Spezia,ITA,2,1411.49023438,2008-03-06,2008-03-06
None,Spezia,ITA,2,1415.6986084,2008-03-07,2008-03-08
None,Spezia,ITA,2,1419.08349609,2008-03-09,2008-03-11
None,Spezia,ITA,2,1416.22668457,2008-03-12,2008-03-12
None,Spezia,ITA,2,1412.97009277,2008-03-13,2008-03-15
None,Spezia,ITA,2,1415.89550781,2008-03-16,2008-03-18
None,Spezia,ITA,2,1411.47009277,2008-03-19,2008-03-21
None,Spezia,ITA,2,1408.90942383,2008-03-22,2008-03-29
None,Spezia,ITA,2,1406.42797852,2008-03-30,2008-04-01
None,Spezia,ITA,2,1404.03588867,2008-04-02,2008-04-03
None,Spezia,ITA,2,1407.05322266,2008-04-04,2008-04-05
None,Spezia,ITA,2,1413.80627441,2008-04-06,2008-04-09
None,Spezia,ITA,2,1413.4152832,2008-04-10,2008-04-10
None,Spezia,ITA,2,1415.91369629,2008-04-11,2008-04-12
None,Spezia,ITA,2,1411.76867676,2008-04-13,2008-04-19
None,Spezia,ITA,2,1417.11254883,2008-04-20,2008-04-24
None,Spezia,ITA,2,1417.47949219,2008-04-25,2008-04-26
None,Spezia,ITA,2,1413.9185791,2008-04-27,2008-05-01
None,Spezia,ITA,2,1412.82458496,2008-05-02,2008-05-03
None,Spezia,ITA,2,1409.0970459,2008-05-04,2008-05-10
None,Spezia,ITA,2,1412.92077637,2008-05-11,2008-05-17
None,Spezia,ITA,2,1405.50073242,2008-05-18,2008-05-25
None,Spezia,ITA,2,1401.76013184,2008-05-26,2008-06-01
None,Spezia,ITA,2,1401.30883789,2008-06-02,2008-07-01
None,Spezia,ITA,2,1335.42163086,2012-07-01,2012-08-02
None,Spezia,ITA,2,1336.48339844,2012-08-03,2012-08-09
None,Spezia,ITA,2,1336.01013184,2012-08-10,2012-08-22
None,Spezia,ITA,2,1337.3671875,2012-08-23,2012-08-23
None,Spezia,ITA,2,1340.19702148,2012-08-24,2012-08-25
None,Spezia,ITA,2,1347.36291504,2012-08-26,2012-08-28
None,Spezia,ITA,2,1346.7598877,2012-08-29,2012-08-30
None,Spezia,ITA,2,1346.59619141,2012-08-31,2012-09-01
None,Spezia,ITA,2,1351.2487793,2012-09-02,2012-09-09
None,Spezia,ITA,2,1363.29711914,2012-09-10,2012-09-15
None,Spezia,ITA,2,1355.87683105,2012-09-16,2012-09-18
None,Spezia,ITA,2,1354.09094238,2012-09-19,2012-09-19
None,Spezia,ITA,2,1355.53845215,2012-09-20,2012-09-20
None,Spezia,ITA,2,1356.72644043,2012-09-21,2012-09-22
None,Spezia,ITA,2,1349.53808594,2012-09-23,2012-09-25
None,Spezia,ITA,2,1346.02758789,2012-09-26,2012-09-29
None,Spezia,ITA,2,1353.65649414,2012-09-30,2012-10-02
None,Spezia,ITA,2,1353.10205078,2012-10-03,2012-10-03
None,Spezia,ITA,2,1356.74328613,2012-10-04,2012-10-04
None,Spezia,ITA,2,1358.40930176,2012-10-05,2012-10-08
None,Spezia,ITA,2,1382.22851562,2012-10-09,2012-10-14
None,Spezia,ITA,2,1380.17053223,2012-10-15,2012-10-20
None,Spezia,ITA,2,1384.4576416,2012-10-21,2012-10-23
None,Spezia,ITA,2,1382.29162598,2012-10-24,2012-10-24
None,Spezia,ITA,2,1380.79467773,2012-10-25,2012-10-25
None,Spezia,ITA,2,1372.19482422,2012-10-26,2012-10-27
None,Spezia,ITA,2,1355.15087891,2012-10-28,2012-10-30
None,Spezia,ITA,2,1347.47192383,2012-10-31,2012-11-03
None,Spezia,ITA,2,1355.51367188,2012-11-04,2012-11-06
None,Spezia,ITA,2,1355.19555664,2012-11-07,2012-11-07
None,Spezia,ITA,2,1356.09289551,2012-11-08,2012-11-08
None,Spezia,ITA,2,1357.47937012,2012-11-09,2012-11-09
None,Spezia,ITA,2,1359.4342041,2012-11-10,2012-11-17
None,Spezia,ITA,2,1351.54797363,2012-11-18,2012-11-20
None,Spezia,ITA,2,1355.4786377,2012-11-21,2012-11-21
None,Spezia,ITA,2,1360.01135254,2012-11-22,2012-11-22
None,Spezia,ITA,2,1355.22143555,2012-11-23,2012-11-24
None,Spezia,ITA,2,1358.28564453,2012-11-25,2012-12-01
None,Spezia,ITA,2,1361.30187988,2012-12-02,2012-12-04
None,Spezia,ITA,2,1357.64367676,2012-12-05,2012-12-05
None,Spezia,ITA,2,1361.62280273,2012-12-06,2012-12-06
None,Spezia,ITA,2,1353.15576172,2012-12-07,2012-12-08
None,Spezia,ITA,2,1361.63830566,2012-12-09,2012-12-15
None,Spezia,ITA,2,1362.10961914,2012-12-16,2012-12-23
None,Spezia,ITA,2,1353.59875488,2012-12-24,2012-12-26
None,Spezia,ITA,2,1349.02709961,2012-12-27,2012-12-30
None,Spezia,ITA,2,1358.77331543,2012-12-31,2013-01-26
None,Spezia,ITA,2,1352.27929688,2013-01-27,2013-02-02
None,Spezia,ITA,2,1356.5300293,2013-02-03,2013-02-09
None,Spezia,ITA,2,1364.44885254,2013-02-10,2013-02-12
None,Spezia,ITA,2,1366.93005371,2013-02-13,2013-02-14
None,Spezia,ITA,2,1364.41906738,2013-02-15,2013-02-16
None,Spezia,ITA,2,1361.81494141,2013-02-17,2013-02-20
None,Spezia,ITA,2,1366.06433105,2013-02-21,2013-02-21
None,Spezia,ITA,2,1371.57080078,2013-02-22,2013-02-22
None,Spezia,ITA,2,1353.24560547,2013-02-23,2013-02-26
None,Spezia,ITA,2,1356.17541504,2013-02-27,2013-03-02
None,Spezia,ITA,2,1349.33752441,2013-03-03,2013-03-06
None,Spezia,ITA,2,1349.60021973,2013-03-07,2013-03-07
None,Spezia,ITA,2,1351.70812988,2013-03-08,2013-03-09
None,Spezia,ITA,2,1354.03833008,2013-03-10,2013-03-12
None,Spezia,ITA,2,1349.1237793,2013-03-13,2013-03-14
None,Spezia,ITA,2,1353.10314941,2013-03-15,2013-03-16
None,Spezia,ITA,2,1354.50341797,2013-03-17,2013-03-19
None,Spezia,ITA,2,1356.64416504,2013-03-20,2013-03-24
None,Spezia,ITA,2,1340.69848633,2013-03-25,2013-03-28
None,Spezia,ITA,2,1356.57287598,2013-03-29,2013-04-02
None,Spezia,ITA,2,1354.59069824,2013-04-03,2013-04-04
None,Spezia,ITA,2,1351.14294434,2013-04-05,2013-04-06
None,Spezia,ITA,2,1357.20788574,2013-04-07,2013-04-10
None,Spezia,ITA,2,1355.84191895,2013-04-11,2013-04-11
None,Spezia,ITA,2,1354.63647461,2013-04-12,2013-04-13
None,Spezia,ITA,2,1349.13342285,2013-04-14,2013-04-16
None,Spezia,ITA,2,1357.4083252,2013-04-17,2013-04-20
None,Spezia,ITA,2,1374.09692383,2013-04-21,2013-04-27
None,Spezia,ITA,2,1368.62097168,2013-04-28,2013-05-04
None,Spezia,ITA,2,1366.69921875,2013-05-05,2013-05-11
None,Spezia,ITA,2,1369.14221191,2013-05-12,2013-05-18
None,Spezia,ITA,2,1368.47460938,2013-05-19,2013-08-01
None,Spezia,ITA,2,1368.75427246,2013-08-02,2013-08-08
None,Spezia,ITA,2,1368.90100098,2013-08-09,2013-08-20
None,Spezia,ITA,2,1369.39794922,2013-08-21,2013-08-22
None,Spezia,ITA,2,1364.20117188,2013-08-23,2013-08-24
None,Spezia,ITA,2,1362.21044922,2013-08-25,2013-08-28
None,Spezia,ITA,2,1365.68518066,2013-08-29,2013-08-29
None,Spezia,ITA,2,1364.42407227,2013-08-30,2013-08-31
None,Spezia,ITA,2,1373.76403809,2013-09-01,2013-09-07
None,Spezia,ITA,2,1359.30310059,2013-09-08,2013-09-14
None,Spezia,ITA,2,1353.19824219,2013-09-15,2013-09-17
None,Spezia,ITA,2,1350.92993164,2013-09-18,2013-09-18
None,Spezia,ITA,2,1356.36279297,2013-09-19,2013-09-19
None,Spezia,ITA,2,1359.2487793,2013-09-20,2013-09-20
None,Spezia,ITA,2,1370.33532715,2013-09-21,2013-09-24
None,Spezia,ITA,2,1380.33288574,2013-09-25,2013-09-28
None,Spezia,ITA,2,1381.78369141,2013-09-29,2013-10-01
None,Spezia,ITA,2,1379.73034668,2013-10-02,2013-10-02
None,Spezia,ITA,2,1377.86560059,2013-10-03,2013-10-03
None,Spezia,ITA,2,1380.15039062,2013-10-04,2013-10-05
None,Spezia,ITA,2,1382.69970703,2013-10-06,2013-10-12
None,Spezia,ITA,2,1382.31970215,2013-10-13,2013-10-19
None,Spezia,ITA,2,1383.75976562,2013-10-20,2013-10-22
None,Spezia,ITA,2,1388.26257324,2013-10-23,2013-10-23
None,Spezia,ITA,2,1387.37695312,2013-10-24,2013-10-24
None,Spezia,ITA,2,1387.26147461,2013-10-25,2013-10-26
None,Spezia,ITA,2,1394.5213623,2013-10-27,2013-11-01
None,Spezia,ITA,2,1387.1595459,2013-11-02,2013-11-05
None,Spezia,ITA,2,1388.41003418,2013-11-06,2013-11-06
None,Spezia,ITA,2,1388.93200684,2013-11-07,2013-11-07
None,Spezia,ITA,2,1391.07299805,2013-11-08,2013-11-08
None,Spezia,ITA,2,1398.97680664,2013-11-09,2013-11-17
None,Spezia,ITA,2,1393.54528809,2013-11-18,2013-11-23
None,Spezia,ITA,2,1384.18664551,2013-11-24,2013-11-26
None,Spezia,ITA,2,1386.31665039,2013-11-27,2013-11-27
None,Spezia,ITA,2,1386.98327637,2013-11-28,2013-11-28
None,Spezia,ITA,2,1387.53564453,2013-11-29,2013-11-30
None,Spezia,ITA,2,1396.58874512,2013-12-01,2013-12-09
None,Spezia,ITA,2,1395.2911377,2013-12-10,2013-12-11
None,Spezia,ITA,2,1395.2911377,2013-12-12,2013-12-12
None,Spezia,ITA,2,1395.31567383,2013-12-13,2013-12-14
None,Spezia,ITA,2,1384.10021973,2013-12-15,2013-12-21
None,Spezia,ITA,2,1394.9744873,2013-12-22,2013-12-26
None,Spezia,ITA,2,1405.72155762,2013-12-27,2013-12-29
None,Spezia,ITA,2,1388.30615234,2013-12-30,2014-01-25
None,Spezia,ITA,2,1397.10375977,2014-01-26,2014-02-01
None,Spezia,ITA,2,1393.34960938,2014-02-02,2014-02-08
None,Spezia,ITA,2,1395.4720459,2014-02-09,2014-02-15
None,Spezia,ITA,2,1405.85827637,2014-02-16,2014-02-19
None,Spezia,ITA,2,1404.75439453,2014-02-20,2014-02-20
None,Spezia,ITA,2,1402.50402832,2014-02-21,2014-02-22
None,Spezia,ITA,2,1407.80395508,2014-02-23,2014-02-27
None,Spezia,ITA,2,1409.60266113,2014-02-28,2014-03-01
None,Spezia,ITA,2,1407.78894043,2014-03-02,2014-03-08
None,Spezia,ITA,2,1398.61108398,2014-03-09,2014-03-11
None,Spezia,ITA,2,1397.10778809,2014-03-12,2014-03-13
None,Spezia,ITA,2,1395.17016602,2014-03-14,2014-03-14
None,Spezia,ITA,2,1386.41906738,2014-03-15,2014-03-20
None,Spezia,ITA,2,1384.73046875,2014-03-21,2014-03-22
None,Spezia,ITA,2,1399.34936523,2014-03-23,2014-03-25
None,Spezia,ITA,2,1390.75671387,2014-03-26,2014-03-29
None,Spezia,ITA,2,1393.59387207,2014-03-30,2014-04-03
None,Spezia,ITA,2,1394.74975586,2014-04-04,2014-04-05
None,Spezia,ITA,2,1392.01281738,2014-04-06,2014-04-10
None,Spezia,ITA,2,1392.76611328,2014-04-11,2014-04-11
None,Spezia,ITA,2,1409.07495117,2014-04-12,2014-04-17
None,Spezia,ITA,2,1419.11938477,2014-04-18,2014-04-24
None,Spezia,ITA,2,1417.53527832,2014-04-25,2014-04-26
None,Spezia,ITA,2,1409.89929199,2014-04-27,2014-05-01
None,Spezia,ITA,2,1407.39233398,2014-05-02,2014-05-02
None,Spezia,ITA,2,1412.13024902,2014-05-03,2014-05-10
None,Spezia,ITA,2,1401.99658203,2014-05-11,2014-05-13
None,Spezia,ITA,2,1407.46582031,2014-05-14,2014-05-17
None,Spezia,ITA,2,1408.84094238,2014-05-18,2014-05-25
None,Spezia,ITA,2,1420.74353027,2014-05-26,2014-05-30
None,Spezia,ITA,2,1423.06567383,2014-05-31,2014-06-03
None,Spezia,ITA,2,1417.7935791,2014-06-04,2014-07-31
None,Spezia,ITA,2,1418.2166748,2014-08-01,2014-08-07
None,Spezia,ITA,2,1418.44665527,2014-08-08,2014-08-19
None,Spezia,ITA,2,1417.94726562,2014-08-20,2014-08-21
None,Spezia,ITA,2,1417.49084473,2014-08-22,2014-08-27
None,Spezia,ITA,2,1413.72961426,2014-08-28,2014-08-28
None,Spezia,ITA,2,1415.34326172,2014-08-29,2014-08-30
None,Spezia,ITA,2,1407.56018066,2014-08-31,2014-09-07
None,Spezia,ITA,2,1412.46948242,2014-09-08,2014-09-13
None,Spezia,ITA,2,1413.37536621,2014-09-14,2014-09-16
None,Spezia,ITA,2,1414.02648926,2014-09-17,2014-09-17
None,Spezia,ITA,2,1417.7512207,2014-09-18,2014-09-18
None,Spezia,ITA,2,1424.65966797,2014-09-19,2014-09-19
None,Spezia,ITA,2,1429.05749512,2014-09-20,2014-09-22
None,Spezia,ITA,2,1419.83227539,2014-09-23,2014-09-27
None,Spezia,ITA,2,1412.12976074,2014-09-28,2014-09-30
None,Spezia,ITA,2,1413.98852539,2014-10-01,2014-10-01
None,Spezia,ITA,2,1412.02172852,2014-10-02,2014-10-02
None,Spezia,ITA,2,1417.18493652,2014-10-03,2014-10-04
None,Spezia,ITA,2,1425.81066895,2014-10-05,2014-10-11
None,Spezia,ITA,2,1417.2947998,2014-10-12,2014-10-18
None,Spezia,ITA,2,1433.09924316,2014-10-19,2014-10-21
None,Spezia,ITA,2,1429.37548828,2014-10-22,2014-10-22
None,Spezia,ITA,2,1425.20166016,2014-10-23,2014-10-23
None,Spezia,ITA,2,1421.58227539,2014-10-24,2014-10-25
None,Spezia,ITA,2,1432.68261719,2014-10-26,2014-10-28
None,Spezia,ITA,2,1430.26342773,2014-10-29,2014-11-01
None,Spezia,ITA,2,1438.62805176,2014-11-02,2014-11-04
None,Spezia,ITA,2,1439.58862305,2014-11-05,2014-11-05
None,Spezia,ITA,2,1438.86218262,2014-11-06,2014-11-06
None,Spezia,ITA,2,1434.00415039,2014-11-07,2014-11-07
None,Spezia,ITA,2,1439.00708008,2014-11-08,2014-11-16
None,Spezia,ITA,2,1438.98242188,2014-11-17,2014-11-22
None,Spezia,ITA,2,1438.45922852,2014-11-23,2014-11-25
None,Spezia,ITA,2,1438.51989746,2014-11-26,2014-11-26
None,Spezia,ITA,2,1439.79821777,2014-11-27,2014-11-27
None,Spezia,ITA,2,1442.69104004,2014-11-28,2014-11-29
None,Spezia,ITA,2,1435.15393066,2014-11-30,2014-12-06
None,Spezia,ITA,2,1431.40466309,2014-12-07,2014-12-09
None,Spezia,ITA,2,1431.21228027,2014-12-10,2014-12-10
None,Spezia,ITA,2,1428.42932129,2014-12-11,2014-12-11
None,Spezia,ITA,2,1427.11999512,2014-12-12,2014-12-13
None,Spezia,ITA,2,1435.87438965,2014-12-14,2014-12-20
None,Spezia,ITA,2,1426.76086426,2014-12-21,2014-12-24
None,Spezia,ITA,2,1425.0682373,2014-12-25,2014-12-28
None,Spezia,ITA,2,1441.56848145,2014-12-29,2015-01-17
None,Spezia,ITA,2,1437.92114258,2015-01-18,2015-01-24
None,Spezia,ITA,2,1438.21826172,2015-01-25,2015-02-02
None,Spezia,ITA,2,1427.24353027,2015-02-03,2015-02-07
None,Spezia,ITA,2,1414.18640137,2015-02-08,2015-02-14
None,Spezia,ITA,2,1418.14343262,2015-02-15,2015-02-19
None,Spezia,ITA,2,1421.20056152,2015-02-20,2015-02-21
None,Spezia,ITA,2,1428.1661377,2015-02-22,2015-02-24
None,Spezia,ITA,2,1429.07958984,2015-02-25,2015-02-26
None,Spezia,ITA,2,1444.37878418,2015-02-27,2015-02-28
None,Spezia,ITA,2,1436.40039062,2015-03-01,2015-03-03
None,Spezia,ITA,2,1444.54663086,2015-03-04,2015-03-07
None,Spezia,ITA,2,1446.29174805,2015-03-08,2015-03-12
None,Spezia,ITA,2,1445.0291748,2015-03-13,2015-03-13
None,Spezia,ITA,2,1457.26062012,2015-03-14,2015-03-18
None,Spezia,ITA,2,1461.28381348,2015-03-19,2015-03-19
None,Spezia,ITA,2,1462.09521484,2015-03-20,2015-03-21
None,Spezia,ITA,2,1471.23742676,2015-03-22,2015-03-28
None,Spezia,ITA,2,1469.37109375,2015-03-29,2015-04-02
None,Spezia,ITA,2,1457.83703613,2015-04-03,2015-04-11
None,Spezia,ITA,2,1446.30175781,2015-04-12,2015-04-14
None,Spezia,ITA,2,1447.48681641,2015-04-15,2015-04-16
None,Spezia,ITA,2,1455.73730469,2015-04-17,2015-04-18
None,Spezia,ITA,2,1459.35290527,2015-04-19,2015-04-22
None,Spezia,ITA,2,1459.98547363,2015-04-23,2015-04-23
None,Spezia,ITA,2,1463.7833252,2015-04-24,2015-04-25
None,Spezia,ITA,2,1472.47473145,2015-04-26,2015-04-28
None,Spezia,ITA,2,1484.11853027,2015-04-29,2015-05-02
None,Spezia,ITA,2,1492.40795898,2015-05-03,2015-05-05
None,Spezia,ITA,2,1494.24133301,2015-05-06,2015-05-07
None,Spezia,ITA,2,1490.30969238,2015-05-08,2015-05-09
None,Spezia,ITA,2,1487.45495605,2015-05-10,2015-05-13
None,Spezia,ITA,2,1491.38598633,2015-05-14,2015-05-14
None,Spezia,ITA,2,1485.9342041,2015-05-15,2015-05-16
None,Spezia,ITA,2,1497.89160156,2015-05-17,2015-05-22
None,Spezia,ITA,2,1503.07739258,2015-05-23,2015-05-26
None,Spezia,ITA,2,1491.29748535,2015-05-27,2015-06-06
None,Spezia,ITA,2,1489.07202148,2015-06-07,2015-07-30
None,Spezia,ITA,2,1476.56140137,2015-07-31,2015-08-06
None,Spezia,ITA,2,1478.63586426,2015-08-07,2015-08-18
None,Spezia,ITA,2,1480.79089355,2015-08-19,2015-08-26
None,Spezia,ITA,2,1474.99035645,2015-08-27,2015-09-06
None,Spezia,ITA,2,1467.39013672,2015-09-07,2015-09-13
None,Spezia,ITA,2,1462.72509766,2015-09-14,2015-09-15
None,Spezia,ITA,2,1466.48522949,2015-09-16,2015-09-16
None,Spezia,ITA,2,1468.68908691,2015-09-17,2015-09-17
None,Spezia,ITA,2,1467.5736084,2015-09-18,2015-09-19
None,Spezia,ITA,2,1478.43212891,2015-09-20,2015-09-22
None,Spezia,ITA,2,1483.97851562,2015-09-23,2015-09-26
None,Spezia,ITA,2,1493.65197754,2015-09-27,2015-09-29
None,Spezia,ITA,2,1489.79248047,2015-09-30,2015-09-30
None,Spezia,ITA,2,1492.61743164,2015-10-01,2015-10-01
None,Spezia,ITA,2,1499.55395508,2015-10-02,2015-10-03
None,Spezia,ITA,2,1498.89550781,2015-10-04,2015-10-11
None,Spezia,ITA,2,1502.65209961,2015-10-12,2015-10-19
None,Spezia,ITA,2,1489.39416504,2015-10-20,2015-10-20
None,Spezia,ITA,2,1490.54284668,2015-10-21,2015-10-21
None,Spezia,ITA,2,1488.6829834,2015-10-22,2015-10-22
None,Spezia,ITA,2,1486.99023438,2015-10-23,2015-10-24
None,Spezia,ITA,2,1482.83618164,2015-10-25,2015-10-27
None,Spezia,ITA,2,1482.6920166,2015-10-28,2015-11-01
None,Spezia,ITA,2,1477.64733887,2015-11-02,2015-11-03
None,Spezia,ITA,2,1477.53796387,2015-11-04,2015-11-04
None,Spezia,ITA,2,1479.75769043,2015-11-05,2015-11-05
None,Spezia,ITA,2,1485.00634766,2015-11-06,2015-11-07
None,Spezia,ITA,2,1468.85693359,2015-11-08,2015-11-15
None,Spezia,ITA,2,1456.49279785,2015-11-16,2015-11-21
None,Spezia,ITA,2,1449.49572754,2015-11-22,2015-11-24
None,Spezia,ITA,2,1448.48876953,2015-11-25,2015-11-25
None,Spezia,ITA,2,1450.33422852,2015-11-26,2015-11-26
None,Spezia,ITA,2,1453.7767334,2015-11-27,2015-11-27
None,Spezia,ITA,2,1444.33398438,2015-11-28,2015-12-05
None,Spezia,ITA,2,1448.0916748,2015-12-06,2015-12-08
None,Spezia,ITA,2,1445.25415039,2015-12-09,2015-12-09
None,Spezia,ITA,2,1449.06103516,2015-12-10,2015-12-10
None,Spezia,ITA,2,1450.81140137,2015-12-11,2015-12-12
None,Spezia,ITA,2,1456.07202148,2015-12-13,2015-12-19
None,Spezia,ITA,2,1458.76159668,2015-12-20,2015-12-23
None,Spezia,ITA,2,1452.98327637,2015-12-24,2015-12-27
None,Spezia,ITA,2,1438.33447266,2015-12-28,2016-01-15
None,Spezia,ITA,2,1436.64929199,2016-01-16,2016-01-23
None,Spezia,ITA,2,1445.12561035,2016-01-24,2016-02-01
None,Spezia,ITA,2,1451.57592773,2016-02-02,2016-02-06
None,Spezia,ITA,2,1453.56237793,2016-02-07,2016-02-14
None,Spezia,ITA,2,1462.51538086,2016-02-15,2016-02-17
None,Spezia,ITA,2,1461.5333252,2016-02-18,2016-02-18
None,Spezia,ITA,2,1459.22363281,2016-02-19,2016-02-20
None,Spezia,ITA,2,1465.48986816,2016-02-21,2016-02-23
None,Spezia,ITA,2,1464.48999023,2016-02-24,2016-02-25
None,Spezia,ITA,2,1460.68713379,2016-02-26,2016-02-27
None,Spezia,ITA,2,1469.62036133,2016-02-28,2016-03-01
None,Spezia,ITA,2,1467.89245605,2016-03-02,2016-03-05
None,Spezia,ITA,2,1477.20507812,2016-03-06,2016-03-08
None,Spezia,ITA,2,1476.87219238,2016-03-09,2016-03-10
None,Spezia,ITA,2,1477.92456055,2016-03-11,2016-03-12
None,Spezia,ITA,2,1484.15563965,2016-03-13,2016-03-16
None,Spezia,ITA,2,1481.24743652,2016-03-17,2016-03-17
None,Spezia,ITA,2,1474.26818848,2016-03-18,2016-03-18
None,Spezia,ITA,2,1475.17163086,2016-03-19,2016-03-26
None,Spezia,ITA,2,1463.91174316,2016-03-27,2016-04-02
None,Spezia,ITA,2,1476.04577637,2016-04-03,2016-04-09
None,Spezia,ITA,2,1481.52380371,2016-04-10,2016-04-15
None,Spezia,ITA,2,1484.2890625,2016-04-16,2016-04-19
None,Spezia,ITA,2,1473.76098633,2016-04-20,2016-04-23
None,Spezia,ITA,2,1487.63830566,2016-04-24,2016-04-30
None,Spezia,ITA,2,1486.31518555,2016-05-01,2016-05-09
None,Spezia,ITA,2,1490.58251953,2016-05-10,2016-05-15
None,Spezia,ITA,2,1468.77490234,2016-05-16,2016-05-20
None,Spezia,ITA,2,1463.86633301,2016-05-21,2016-05-24
None,Spezia,ITA,2,1474.39892578,2016-05-25,2016-05-28
None,Spezia,ITA,2,1466.79797363,2016-05-29,2016-05-31
None,Spezia,ITA,2,1458.24780273,2016-06-01,2016-07-28
None,Spezia,ITA,2,1458.7298584,2016-07-29,2016-08-04
None,Spezia,ITA,2,1461.94946289,2016-08-05,2016-08-17
None,Spezia,ITA,2,1462.66027832,2016-08-18,2016-08-18
None,Spezia,ITA,2,1463.07727051,2016-08-19,2016-08-23
None,Spezia,ITA,2,1453.38305664,2016-08-24,2016-08-25
None,Spezia,ITA,2,1453.38305664,2016-08-26,2016-08-26
None,Spezia,ITA,2,1449.52172852,2016-08-27,2016-09-04
None,Spezia,ITA,2,1449.36218262,2016-09-05,2016-09-11
None,Spezia,ITA,2,1449.52368164,2016-09-12,2016-09-13
None,Spezia,ITA,2,1452.63085938,2016-09-14,2016-09-14
None,Spezia,ITA,2,1450.86669922,2016-09-15,2016-09-15
None,Spezia,ITA,2,1448.38549805,2016-09-16,2016-09-17
None,Spezia,ITA,2,1452.44104004,2016-09-18,2016-09-20
None,Spezia,ITA,2,1455.453125,2016-09-21,2016-09-24
None,Spezia,ITA,2,1460.80456543,2016-09-25,2016-09-27
None,Spezia,ITA,2,1463.30371094,2016-09-28,2016-09-28
None,Spezia,ITA,2,1466.33569336,2016-09-29,2016-09-29
None,Spezia,ITA,2,1459.80200195,2016-09-30,2016-10-02
None,Spezia,ITA,2,1470.52587891,2016-10-03,2016-10-09
None,Spezia,ITA,2,1461.88964844,2016-10-10,2016-10-15
None,Spezia,ITA,2,1452.39221191,2016-10-16,2016-10-18
None,Spezia,ITA,2,1453.9831543,2016-10-19,2016-10-19
None,Spezia,ITA,2,1449.40625,2016-10-20,2016-10-20
None,Spezia,ITA,2,1452.80456543,2016-10-21,2016-10-21
None,Spezia,ITA,2,1460.09729004,2016-10-22,2016-10-24
None,Spezia,ITA,2,1456.81091309,2016-10-25,2016-10-29
None,Spezia,ITA,2,1449.80297852,2016-10-30,2016-11-01
None,Spezia,ITA,2,1449.70166016,2016-11-02,2016-11-02
None,Spezia,ITA,2,1447.14978027,2016-11-03,2016-11-03
None,Spezia,ITA,2,1447.89904785,2016-11-04,2016-11-05
None,Spezia,ITA,2,1435.08984375,2016-11-06,2016-11-13
None,Spezia,ITA,2,1436.62585449,2016-11-14,2016-11-19
None,Spezia,ITA,2,1442.66638184,2016-11-20,2016-11-22
None,Spezia,ITA,2,1446.72375488,2016-11-23,2016-11-23
None,Spezia,ITA,2,1445.24816895,2016-11-24,2016-11-24
None,Spezia,ITA,2,1437.8894043,2016-11-25,2016-11-25
None,Spezia,ITA,2,1439.95825195,2016-11-26,2016-12-03
None,Spezia,ITA,2,1438.72485352,2016-12-04,2016-12-06
None,Spezia,ITA,2,1442.62866211,2016-12-07,2016-12-07
None,Spezia,ITA,2,1443.21496582,2016-12-08,2016-12-08
None,Spezia,ITA,2,1445.28210449,2016-12-09,2016-12-09
None,Spezia,ITA,2,1439.31115723,2016-12-10,2016-12-10
None,Spezia,ITA,2,1433.15759277,2016-12-11,2016-12-17
None,Spezia,ITA,2,1439.5625,2016-12-18,2016-12-24
None,Spezia,ITA,2,1440.0592041,2016-12-25,2016-12-28
None,Spezia,ITA,2,1435.91821289,2016-12-29,2017-01-22
None,Spezia,ITA,2,1428.78552246,2017-01-23,2017-01-30
None,Spezia,ITA,2,1434.14770508,2017-01-31,2017-02-04
None,Spezia,ITA,2,1440.10864258,2017-02-05,2017-02-11
None,Spezia,ITA,2,1451.70056152,2017-02-12,2017-02-15
None,Spezia,ITA,2,1450.91552734,2017-02-16,2017-02-16
None,Spezia,ITA,2,1460.50939941,2017-02-17,2017-02-18
None,Spezia,ITA,2,1456.69116211,2017-02-19,2017-02-22
None,Spezia,ITA,2,1459.21826172,2017-02-23,2017-02-23
None,Spezia,ITA,2,1451.23681641,2017-02-24,2017-02-25
None,Spezia,ITA,2,1444.47521973,2017-02-26,2017-02-28
None,Spezia,ITA,2,1449.31311035,2017-03-01,2017-03-04
None,Spezia,ITA,2,1443.22839355,2017-03-05,2017-03-07
None,Spezia,ITA,2,1442.24755859,2017-03-08,2017-03-09
None,Spezia,ITA,2,1438.57824707,2017-03-10,2017-03-11
None,Spezia,ITA,2,1443.33642578,2017-03-12,2017-03-14
None,Spezia,ITA,2,1443.88232422,2017-03-15,2017-03-16
None,Spezia,ITA,2,1442.53295898,2017-03-17,2017-03-18
None,Spezia,ITA,2,1441.85083008,2017-03-19,2017-03-25
None,Spezia,ITA,2,1434.28845215,2017-03-26,2017-04-01
None,Spezia,ITA,2,1419.09448242,2017-04-02,2017-04-04
None,Spezia,ITA,2,1430.94311523,2017-04-05,2017-04-08
None,Spezia,ITA,2,1437.30847168,2017-04-09,2017-04-11
None,Spezia,ITA,2,1443.63342285,2017-04-12,2017-04-17
None,Spezia,ITA,2,1436.54199219,2017-04-18,2017-04-19
None,Spezia,ITA,2,1438.40478516,2017-04-20,2017-04-22
None,Spezia,ITA,2,1447.30895996,2017-04-23,2017-04-25
None,Spezia,ITA,2,1438.90405273,2017-04-26,2017-04-29
None,Spezia,ITA,2,1439.03881836,2017-04-30,2017-05-03
None,Spezia,ITA,2,1442.73840332,2017-05-04,2017-05-05
None,Spezia,ITA,2,1445.35351562,2017-05-06,2017-05-09
None,Spezia,ITA,2,1445.96496582,2017-05-10,2017-05-13
None,Spezia,ITA,2,1441.8840332,2017-05-14,2017-05-18
None,Spezia,ITA,2,1449.69128418,2017-05-19,2017-05-23
None,Spezia,ITA,2,1443.2286377,2017-05-24,2017-06-03
None,Spezia,ITA,2,1440.08447266,2017-06-04,2017-07-27
None,Spezia,ITA,2,1440.86523438,2017-07-28,2017-08-03
None,Spezia,ITA,2,1441.56213379,2017-08-04,2017-08-16
None,Spezia,ITA,2,1443.16381836,2017-08-17,2017-08-17
None,Spezia,ITA,2,1444.10949707,2017-08-18,2017-08-22
None,Spezia,ITA,2,1445.47192383,2017-08-23,2017-08-24
None,Spezia,ITA,2,1445.58825684,2017-08-25,2017-08-26
None,Spezia,ITA,2,1437.92150879,2017-08-27,2017-09-03
None,Spezia,ITA,2,1429.08215332,2017-09-04,2017-09-09
None,Spezia,ITA,2,1434.58813477,2017-09-10,2017-09-12
None,Spezia,ITA,2,1432.37402344,2017-09-13,2017-09-13
None,Spezia,ITA,2,1429.4654541,2017-09-14,2017-09-14
None,Spezia,ITA,2,1440.67419434,2017-09-15,2017-09-15
None,Spezia,ITA,2,1441.1472168,2017-09-16,2017-09-19
None,Spezia,ITA,2,1447.29882812,2017-09-20,2017-09-23
None,Spezia,ITA,2,1436.91943359,2017-09-24,2017-09-26
None,Spezia,ITA,2,1437.43823242,2017-09-27,2017-09-27
None,Spezia,ITA,2,1438.98059082,2017-09-28,2017-09-28
None,Spezia,ITA,2,1441.67077637,2017-09-29,2017-09-30
None,Spezia,ITA,2,1447.63464355,2017-10-01,2017-10-07
None,Spezia,ITA,2,1440.09008789,2017-10-08,2017-10-14
None,Spezia,ITA,2,1429.22900391,2017-10-15,2017-10-17
None,Spezia,ITA,2,1427.48327637,2017-10-18,2017-10-18
None,Spezia,ITA,2,1429.74121094,2017-10-19,2017-10-19
None,Spezia,ITA,2,1432.58630371,2017-10-20,2017-10-21
None,Spezia,ITA,2,1442.7479248,2017-10-22,2017-10-24
None,Spezia,ITA,2,1432.21606445,2017-10-25,2017-10-28
None,Spezia,ITA,2,1430.54675293,2017-10-29,2017-10-31
None,Spezia,ITA,2,1433.16296387,2017-11-01,2017-11-01
None,Spezia,ITA,2,1428.68945312,2017-11-02,2017-11-02
None,Spezia,ITA,2,1428.02062988,2017-11-03,2017-11-05
None,Spezia,ITA,2,1432.30432129,2017-11-06,2017-11-11
None,Spezia,ITA,2,1432.68933105,2017-11-12,2017-11-18
None,Spezia,ITA,2,1433.65979004,2017-11-19,2017-11-21
None,Spezia,ITA,2,1435.51330566,2017-11-22,2017-11-22
None,Spezia,ITA,2,1432.84448242,2017-11-23,2017-11-23
None,Spezia,ITA,2,1438.39819336,2017-11-24,2017-11-25
None,Spezia,ITA,2,1451.64562988,2017-11-26,2017-12-02
None,Spezia,ITA,2,1444.32141113,2017-12-03,2017-12-05
None,Spezia,ITA,2,1446.06335449,2017-12-06,2017-12-06
None,Spezia,ITA,2,1441.33557129,2017-12-07,2017-12-07
None,Spezia,ITA,2,1433.78100586,2017-12-08,2017-12-08
None,Spezia,ITA,2,1438.7989502,2017-12-09,2017-12-16
None,Spezia,ITA,2,1450.52172852,2017-12-17,2017-12-21
None,Spezia,ITA,2,1455.6550293,2017-12-22,2017-12-27
None,Spezia,ITA,2,1456.5345459,2017-12-28,2018-01-20
None,Spezia,ITA,2,1456.81665039,2018-01-21,2018-01-27
None,Spezia,ITA,2,1449.59838867,2018-01-28,2018-02-05
None,Spezia,ITA,2,1457.43334961,2018-02-06,2018-02-10
None,Spezia,ITA,2,1454.7935791,2018-02-11,2018-02-13
None,Spezia,ITA,2,1452.93615723,2018-02-14,2018-02-15
None,Spezia,ITA,2,1446.51672363,2018-02-16,2018-02-17
None,Spezia,ITA,2,1446.79223633,2018-02-18,2018-02-21
None,Spezia,ITA,2,1445.3651123,2018-02-22,2018-02-22
None,Spezia,ITA,2,1450.31420898,2018-02-23,2018-02-23
None,Spezia,ITA,2,1459.87524414,2018-02-24,2018-03-03
None,Spezia,ITA,2,1448.65673828,2018-03-04,2018-03-07
None,Spezia,ITA,2,1453.78820801,2018-03-08,2018-03-08
None,Spezia,ITA,2,1448.46252441,2018-03-09,2018-03-10
None,Spezia,ITA,2,1444.37255859,2018-03-11,2018-03-13
None,Spezia,ITA,2,1449.03222656,2018-03-14,2018-03-15
None,Spezia,ITA,2,1453.52978516,2018-03-16,2018-03-17
None,Spezia,ITA,2,1442.56140137,2018-03-18,2018-03-24
None,Spezia,ITA,2,1438.53955078,2018-03-25,2018-03-29
None,Spezia,ITA,2,1448.87207031,2018-03-30,2018-04-03
None,Spezia,ITA,2,1443.30615234,2018-04-04,2018-04-04
None,Spezia,ITA,2,1441.76745605,2018-04-05,2018-04-05
None,Spezia,ITA,2,1444.90161133,2018-04-06,2018-04-07
None,Spezia,ITA,2,1447.05688477,2018-04-08,2018-04-10
None,Spezia,ITA,2,1453.7935791,2018-04-11,2018-04-11
None,Spezia,ITA,2,1456.18151855,2018-04-12,2018-04-12
None,Spezia,ITA,2,1449.27062988,2018-04-13,2018-04-14
None,Spezia,ITA,2,1452.2532959,2018-04-15,2018-04-17
None,Spezia,ITA,2,1440.87438965,2018-04-18,2018-04-22
None,Spezia,ITA,2,1432.23925781,2018-04-23,2018-04-24
None,Spezia,ITA,2,1429.00854492,2018-04-25,2018-04-28
None,Spezia,ITA,2,1434.46289062,2018-04-29,2018-05-01
None,Spezia,ITA,2,1427.42248535,2018-05-02,2018-05-02
None,Spezia,ITA,2,1428.39624023,2018-05-03,2018-05-05
None,Spezia,ITA,2,1438.74279785,2018-05-06,2018-05-11
None,Spezia,ITA,2,1430.16223145,2018-05-12,2018-05-18
None,Spezia,ITA,2,1417.88696289,2018-05-19,2018-07-26
None,Spezia,ITA,2,1416.69006348,2018-07-27,2018-08-02
None,Spezia,ITA,2,1418.18920898,2018-08-03,2018-08-09
None,Spezia,ITA,2,1418.63195801,2018-08-10,2018-08-16
None,Spezia,ITA,2,1418.703125,2018-08-17,2018-08-23
None,Spezia,ITA,2,1417.36413574,2018-08-24,2018-08-25
None,Spezia,ITA,2,1411.51721191,2018-08-26,2018-08-30
None,Spezia,ITA,2,1410.16333008,2018-08-31,2018-09-01
None,Spezia,ITA,2,1416.28137207,2018-09-02,2018-09-15
None,Spezia,ITA,2,1406.02502441,2018-09-16,2018-09-18
None,Spezia,ITA,2,1407.46801758,2018-09-19,2018-09-19
None,Spezia,ITA,2,1409.27478027,2018-09-20,2018-09-20
None,Spezia,ITA,2,1410.40283203,2018-09-21,2018-09-22
None,Spezia,ITA,2,1418.94006348,2018-09-23,2018-09-25
None,Spezia,ITA,2,1413.79162598,2018-09-26,2018-09-29
None,Spezia,ITA,2,1419.8338623,2018-09-30,2018-10-02
None,Spezia,ITA,2,1421.74169922,2018-10-03,2018-10-03
None,Spezia,ITA,2,1427.61413574,2018-10-04,2018-10-04
None,Spezia,ITA,2,1424.14025879,2018-10-05,2018-10-07
None,Spezia,ITA,2,1435.89819336,2018-10-08,2018-10-19
None,Spezia,ITA,2,1421.69152832,2018-10-20,2018-10-23
None,Spezia,ITA,2,1426.50280762,2018-10-24,2018-10-24
None,Spezia,ITA,2,1426.85852051,2018-10-25,2018-10-25
None,Spezia,ITA,2,1427.31945801,2018-10-26,2018-10-27
None,Spezia,ITA,2,1427.43701172,2018-10-28,2018-11-06
None,Spezia,ITA,2,1427.87390137,2018-11-07,2018-11-07
None,Spezia,ITA,2,1425.49145508,2018-11-08,2018-11-08
None,Spezia,ITA,2,1427.32910156,2018-11-09,2018-11-10
None,Spezia,ITA,2,1420.9855957,2018-11-11,2018-11-18
None,Spezia,ITA,2,1431.71679688,2018-11-19,2018-11-25
None,Spezia,ITA,2,1430.03417969,2018-11-26,2018-11-27
None,Spezia,ITA,2,1427.32348633,2018-11-28,2018-11-28
None,Spezia,ITA,2,1426.64440918,2018-11-29,2018-11-29
None,Spezia,ITA,2,1421.23010254,2018-11-30,2018-12-01
None,Spezia,ITA,2,1410.88671875,2018-12-02,2018-12-08
None,Spezia,ITA,2,1422.13842773,2018-12-09,2018-12-11
None,Spezia,ITA,2,1419.04846191,2018-12-12,2018-12-12
None,Spezia,ITA,2,1410.6126709,2018-12-13,2018-12-13
None,Spezia,ITA,2,1402.8762207,2018-12-14,2018-12-15
None,Spezia,ITA,2,1405.33276367,2018-12-16,2018-12-23
None,Spezia,ITA,2,1406.4251709,2018-12-24,2018-12-27
None,Spezia,ITA,2,1425.21911621,2018-12-28,2018-12-30
None,Spezia,ITA,2,1422.84460449,2018-12-31,2019-01-21
None,Spezia,ITA,2,1420.69372559,2019-01-22,2019-01-27
None,Spezia,ITA,2,1423.45568848,2019-01-28,2019-02-02
None,Spezia,ITA,2,1431.82019043,2019-02-03,2019-02-09
None,Spezia,ITA,2,1441.38586426,2019-02-10,2019-02-12
None,Spezia,ITA,2,1442.73132324,2019-02-13,2019-02-14
None,Spezia,ITA,2,1441.94909668,2019-02-15,2019-02-17
None,Spezia,ITA,2,1432.22290039,2019-02-18,2019-02-20
None,Spezia,ITA,2,1426.1184082,2019-02-21,2019-02-21
None,Spezia,ITA,2,1427.5098877,2019-02-22,2019-02-23
None,Spezia,ITA,2,1417.84619141,2019-02-24,2019-02-27
None,Spezia,ITA,2,1426.6751709,2019-02-28,2019-03-03
None,Spezia,ITA,2,1417.19287109,2019-03-04,2019-03-06
None,Spezia,ITA,2,1412.64233398,2019-03-07,2019-03-07
None,Spezia,ITA,2,1417.48083496,2019-03-08,2019-03-09
None,Spezia,ITA,2,1400.20666504,2019-03-10,2019-03-12
None,Spezia,ITA,2,1407.78088379,2019-03-13,2019-03-14
None,Spezia,ITA,2,1402.40307617,2019-03-15,2019-03-16
None,Spezia,ITA,2,1413.51867676,2019-03-17,2019-04-02
None,Spezia,ITA,2,1418.77893066,2019-04-03,2019-04-06
None,Spezia,ITA,2,1411.80981445,2019-04-07,2019-04-10
None,Spezia,ITA,2,1412.05249023,2019-04-11,2019-04-11
None,Spezia,ITA,2,1409.16064453,2019-04-12,2019-04-14
None,Spezia,ITA,2,1414.31982422,2019-04-15,2019-04-16
None,Spezia,ITA,2,1407.77526855,2019-04-17,2019-04-18
None,Spezia,ITA,2,1405.94165039,2019-04-19,2019-04-22
None,Spezia,ITA,2,1398.74304199,2019-04-23,2019-04-27
None,Spezia,ITA,2,1396.50598145,2019-04-28,2019-05-01
None,Spezia,ITA,2,1400.5123291,2019-05-02,2019-05-04
None,Spezia,ITA,2,1410.85656738,2019-05-05,2019-05-11
None,Spezia,ITA,2,1405.45373535,2019-05-12,2019-05-17
None,Spezia,ITA,2,1396.2121582,2019-05-18,2019-07-25
None,Spezia,ITA,2,1396.67712402,2019-07-26,2019-08-01
None,Spezia,ITA,2,1396.90246582,2019-08-02,2019-08-08
None,Spezia,ITA,2,1398.54614258,2019-08-09,2019-08-15
None,Spezia,ITA,2,1398.60974121,2019-08-16,2019-08-22
None,Spezia,ITA,2,1395.33520508,2019-08-23,2019-08-24
None,Spezia,ITA,2,1414.57702637,2019-08-25,2019-08-29
None,Spezia,ITA,2,1413.25109863,2019-08-30,2019-08-31
None,Spezia,ITA,2,1403.70874023,2019-09-01,2019-09-13
None,Spezia,ITA,2,1396.55871582,2019-09-14,2019-09-17
None,Spezia,ITA,2,1401.11047363,2019-09-18,2019-09-18
None,Spezia,ITA,2,1396.49633789,2019-09-19,2019-09-19
None,Spezia,ITA,2,1395.25793457,2019-09-20,2019-09-21
None,Spezia,ITA,2,1393.24304199,2019-09-22,2019-09-24
None,Spezia,ITA,2,1381.26196289,2019-09-25,2019-09-29
None,Spezia,ITA,2,1365.43395996,2019-09-30,2019-10-01
None,Spezia,ITA,2,1364.1270752,2019-10-02,2019-10-02
None,Spezia,ITA,2,1362.40466309,2019-10-03,2019-10-03
None,Spezia,ITA,2,1363.25549316,2019-10-04,2019-10-05
None,Spezia,ITA,2,1355.95715332,2019-10-06,2019-10-19
None,Spezia,ITA,2,1366.09118652,2019-10-20,2019-10-22
None,Spezia,ITA,2,1365.77307129,2019-10-23,2019-10-23
None,Spezia,ITA,2,1372.92626953,2019-10-24,2019-10-24
None,Spezia,ITA,2,1369.13415527,2019-10-25,2019-10-26
None,Spezia,ITA,2,1377.21704102,2019-10-27,2019-10-29
None,Spezia,ITA,2,1382.89001465,2019-10-30,2019-11-01
None,Spezia,ITA,2,1383.06420898,2019-11-02,2019-11-05
None,Spezia,ITA,2,1380.43945312,2019-11-06,2019-11-06
None,Spezia,ITA,2,1383.66992188,2019-11-07,2019-11-07
None,Spezia,ITA,2,1377.51159668,2019-11-08,2019-11-09
None,Spezia,ITA,2,1370.76599121,2019-11-10,2019-11-24
None,Spezia,ITA,2,1382.15795898,2019-11-25,2019-11-26
None,Spezia,ITA,2,1386.97583008,2019-11-27,2019-11-27
None,Spezia,ITA,2,1393.22167969,2019-11-28,2019-11-28
None,Spezia,ITA,2,1398.11254883,2019-11-29,2019-11-29
None,Spezia,ITA,2,1399.50061035,2019-11-30,2019-12-07
None,Spezia,ITA,2,1405.9675293,2019-12-08,2019-12-10
None,Spezia,ITA,2,1405.72631836,2019-12-11,2019-12-11
None,Spezia,ITA,2,1415.0904541,2019-12-12,2019-12-12
None,Spezia,ITA,2,1408.09460449,2019-12-13,2019-12-14
None,Spezia,ITA,2,1409.28222656,2019-12-15,2019-12-26
None,Spezia,ITA,2,1410.78967285,2019-12-27,2019-12-29
None,Spezia,ITA,2,1415.97607422,2019-12-30,2020-01-19
None,Spezia,ITA,2,1414.55151367,2020-01-20,2020-01-26
None,Spezia,ITA,2,1425.57666016,2020-01-27,2020-02-01
None,Spezia,ITA,2,1431.5526123,2020-02-02,2020-02-08
None,Spezia,ITA,2,1446.6706543,2020-02-09,2020-02-11
None,Spezia,ITA,2,1451.68579102,2020-02-12,2020-02-15
None,Spezia,ITA,2,1458.49255371,2020-02-16,2020-02-19
None,Spezia,ITA,2,1463.81445312,2020-02-20,2020-02-20
None,Spezia,ITA,2,1466.48925781,2020-02-21,2020-02-22
None,Spezia,ITA,2,1463.9206543,2020-02-23,2020-02-25
None,Spezia,ITA,2,1463.97436523,2020-02-26,2020-02-26
None,Spezia,ITA,2,1461.59765625,2020-02-27,2020-02-27
None,Spezia,ITA,2,1463.06494141,2020-02-28,2020-02-29
None,Spezia,ITA,2,1456.56115723,2020-03-01,2020-03-04
None,Spezia,ITA,2,1464.08618164,2020-03-05,2020-03-08
None,Spezia,ITA,2,1450.94702148,2020-03-09,2020-03-10
None,Spezia,ITA,2,1452.73498535,2020-03-11,2020-06-19
None,Spezia,ITA,2,1460.18664551,2020-06-20,2020-06-26
None,Spezia,ITA,2,1473.49682617,2020-06-27,2020-06-29
None,Spezia,ITA,2,1462.3527832,2020-06-30,2020-07-03
None,Spezia,ITA,2,1455.23999023,2020-07-04,2020-07-10
None,Spezia,ITA,2,1464.984375,2020-07-11,2020-07-13
None,Spezia,ITA,2,1469.5880127,2020-07-14,2020-07-17
None,Spezia,ITA,2,1457.97058105,2020-07-18,2020-07-24
None,Spezia,ITA,2,1458.26220703,2020-07-25,2020-07-27
None,Spezia,ITA,2,1454.87121582,2020-07-28,2020-07-31
None,Spezia,ITA,2,1462.44055176,2020-08-01,2020-08-05
None,Spezia,ITA,2,1465.74133301,2020-08-06,2020-08-06
None,Spezia,ITA,2,1462.48815918,2020-08-07,2020-08-07
None,Spezia,ITA,2,1460.0333252,2020-08-08,2020-08-08
None,Spezia,ITA,2,1446.84094238,2020-08-09,2020-08-10
None,Spezia,ITA,2,1449.44396973,2020-08-11,2020-08-11
None,Spezia,ITA,2,1453.58239746,2020-08-12,2020-08-12
None,Spezia,ITA,2,1451.43737793,2020-08-13,2020-08-16
None,Spezia,ITA,2,1459.19641113,2020-08-17,2020-08-17
None,Spezia,ITA,2,1464.74597168,2020-08-18,2020-08-20
None,Spezia,ITA,2,1456.56054688,2020-08-21,2020-08-21
None,Spezia,ITA,2,1453.61682129,2020-08-22,2020-09-17
None,Spezia,ITA,2,1453.91711426,2020-09-18,2020-09-24
None,Spezia,ITA,2,1454.57946777,2020-09-25,2020-09-25
None,Spezia,ITA,1,1454.57946777,2020-09-26,2020-09-27
None,Spezia,ITA,1,1446.37316895,2020-09-28,2020-09-30
None,Spezia,ITA,1,1464.35046387,2020-10-01,2020-10-01
None,Spezia,ITA,1,1462.61230469,2020-10-02,2020-10-04
None,Spezia,ITA,1,1459.80541992,2020-10-05,2020-10-18
None,Spezia,ITA,1,1463.22241211,2020-10-19,2020-10-20
None,Spezia,ITA,1,1470.65063477,2020-10-21,2020-10-21
None,Spezia,ITA,1,1471.90698242,2020-10-22,2020-10-22
None,Spezia,ITA,1,1471.99780273,2020-10-23,2020-10-25
None,Spezia,ITA,1,1475.91760254,2020-10-26,2020-10-27
None,Spezia,ITA,1,1474.70251465,2020-10-28,2020-10-28
None,Spezia,ITA,1,1471.09802246,2020-10-29,2020-10-29
None,Spezia,ITA,1,1472.80712891,2020-10-30,2020-11-01
None,Spezia,ITA,1,1469.49572754,2020-11-02,2020-11-03
None,Spezia,ITA,1,1463.93786621,2020-11-04,2020-11-04
None,Spezia,ITA,1,1466.02294922,2020-11-05,2020-11-05
None,Spezia,ITA,1,1462.25305176,2020-11-06,2020-11-07
None,Spezia,ITA,1,1481.24536133,2020-11-08,2020-11-21
None,Spezia,ITA,1,1487.87036133,2020-11-22,2020-11-24
None,Spezia,ITA,1,1491.015625,2020-11-25,2020-11-25
None,Spezia,ITA,1,1494.37780762,2020-11-26,2020-11-26
None,Spezia,ITA,1,1497.23291016,2020-11-27,2020-11-29
None,Spezia,ITA,1,1500.89025879,2020-11-30,2020-12-01
None,Spezia,ITA,1,1501.68530273,2020-12-02,2020-12-02
None,Spezia,ITA,1,1504.71447754,2020-12-03,2020-12-03
None,Spezia,ITA,1,1506.75146484,2020-12-04,2020-12-05
None,Spezia,ITA,1,1503.40686035,2020-12-06,2020-12-08
None,Spezia,ITA,1,1508.65002441,2020-12-09,2020-12-09
None,Spezia,ITA,1,1510.09228516,2020-12-10,2020-12-10
None,Spezia,ITA,1,1503.68518066,2020-12-11,2020-12-12
None,Spezia,ITA,1,1490.4375,2020-12-13,2020-12-16
None,Spezia,ITA,1,1492.25012207,2020-12-17,2020-12-20
None,Spezia,ITA,1,1491.06225586,2020-12-21,2020-12-23
None,Spezia,ITA,1,1483.31054688,2020-12-24,2021-01-03
None,Spezia,ITA,1,1477.35119629,2021-01-04,2021-01-06
None,Spezia,ITA,1,1492.67468262,2021-01-07,2021-01-11
None,Spezia,ITA,1,1503.16137695,2021-01-12,2021-01-16
None,Spezia,ITA,1,1506.14050293,2021-01-17,2021-01-23
None,Spezia,ITA,1,1504.0201416,2021-01-24,2021-01-31
None,Spezia,ITA,1,1497.09851074,2021-02-01,2021-02-06
None,Spezia,ITA,1,1509.98181152,2021-02-07,2021-02-13
None,Spezia,ITA,1,1529.78027344,2021-02-14,2021-02-17
None,Spezia,ITA,1,1527.84191895,2021-02-18,2021-02-18
None,Spezia,ITA,1,1526.18884277,2021-02-19,2021-02-19
None,Spezia,ITA,1,1517.45861816,2021-02-20,2021-02-23
None,Spezia,ITA,1,1516.27636719,2021-02-24,2021-02-24
None,Spezia,ITA,1,1514.39428711,2021-02-25,2021-02-25
None,Spezia,ITA,1,1516.67138672,2021-02-26,2021-02-27
None,Spezia,ITA,1,1515.67370605,2021-02-28,2021-03-02
None,Spezia,ITA,1,1513.20275879,2021-03-03,2021-03-06
None,Spezia,ITA,1,1513.08056641,2021-03-07,2021-03-09
None,Spezia,ITA,1,1511.71289062,2021-03-10,2021-03-11
None,Spezia,ITA,1,1517.59777832,2021-03-12,2021-03-12
None,Spezia,ITA,1,1515.29797363,2021-03-13,2021-03-16
None,Spezia,ITA,1,1512.85205078,2021-03-17,2021-03-17
None,Spezia,ITA,1,1512.8404541,2021-03-18,2021-03-18
None,Spezia,ITA,1,1511.69287109,2021-03-19,2021-03-20
None,Spezia,ITA,1,1520.09191895,2021-03-21,2021-04-03
None,Spezia,ITA,1,1517.6307373,2021-04-04,2021-04-08
None,Spezia,ITA,1,1520.85681152,2021-04-09,2021-04-10
None,Spezia,ITA,1,1526.74572754,2021-04-11,2021-04-15
None,Spezia,ITA,1,1527.77966309,2021-04-16,2021-04-18
None,Spezia,ITA,1,1518.98510742,2021-04-19,2021-04-21
None,Spezia,ITA,1,1526.46533203,2021-04-22,2021-04-24
None,Spezia,ITA,1,1518.63061523,2021-04-25,2021-04-29
None,Spezia,ITA,1,1516.4354248,2021-04-30,2021-05-01
None,Spezia,ITA,1,1519.62841797,2021-05-02,2021-05-06
None,Spezia,ITA,1,1520.09191895,2021-05-07,2021-05-08
None,Spezia,ITA,1,1514.82202148,2021-05-09,2021-05-12
None,Spezia,ITA,1,1519.0592041,2021-05-13,2021-05-15
None,Spezia,ITA,1,1534.55371094,2021-05-16,2021-05-23
None,Spezia,ITA,1,1538.88964844,2021-05-24,2021-08-19
None,Spezia,ITA,1,1539.67565918,2021-08-20,2021-08-23
None,Spezia,ITA,1,1542.22375488,2021-08-24,2021-08-26
None,Spezia,ITA,1,1543.31652832,2021-08-27,2021-08-28
None,Spezia,ITA,1,1537.0213623,2021-08-29,2021-09-12
None,Spezia,ITA,1,1529.62353516,2021-09-13,2021-09-14
None,Spezia,ITA,1,1532.92163086,2021-09-15,2021-09-15
None,Spezia,ITA,1,1528.46813965,2021-09-16,2021-09-16
None,Spezia,ITA,1,1526.72631836,2021-09-17,2021-09-19
None,Spezia,ITA,1,1534.90112305,2021-09-20,2021-09-22
None,Spezia,ITA,1,1532.23010254,2021-09-23,2021-09-25
None,Spezia,ITA,1,1529.52416992,2021-09-26,2021-09-28
None,Spezia,ITA,1,1525.0736084,2021-09-29,2021-09-29
None,Spezia,ITA,1,1529.65087891,2021-09-30,2021-09-30
None,Spezia,ITA,1,1528.11950684,2021-10-01,2021-10-03
None,Spezia,ITA,1,1516.58874512,2021-10-04,2021-10-16
None,Spezia,ITA,1,1522.35974121,2021-10-17,2021-10-19
None,Spezia,ITA,1,1520.44970703,2021-10-20,2021-10-20
None,Spezia,ITA,1,1520.74169922,2021-10-21,2021-10-21
None,Spezia,ITA,1,1511.67797852,2021-10-22,2021-10-22
None,Spezia,ITA,1,1507.20666504,2021-10-23,2021-10-26
None,Spezia,ITA,1,1507.50878906,2021-10-27,2021-10-31
None,Spezia,ITA,1,1500.31628418,2021-11-01,2021-11-02
None,Spezia,ITA,1,1502.0826416,2021-11-03,2021-11-03
None,Spezia,ITA,1,1502.3104248,2021-11-04,2021-11-04
None,Spezia,ITA,1,1502.42016602,2021-11-05,2021-11-06
None,Spezia,ITA,1,1511.67114258,2021-11-07,2021-11-20
None,Spezia,ITA,1,1508.94189453,2021-11-21,2021-11-23
None,Spezia,ITA,1,1505.56506348,2021-11-24,2021-11-24
None,Spezia,ITA,1,1505.95593262,2021-11-25,2021-11-25
None,Spezia,ITA,1,1511.15148926,2021-11-26,2021-11-28
None,Spezia,ITA,1,1504.28210449,2021-11-29,2021-12-01
None,Spezia,ITA,1,1502.87463379,2021-12-02,2021-12-05
None,Spezia,ITA,1,1502.87463379,2021-12-06,2021-12-13
None,Spezia,ITA,1,1502.87463379,2021-12-14,2021-12-31


